Time Zone,Interval Start (km),Interval End (km)
1,0.0,30.36
2,30.36,60.73
3,60.73,91.09
4,91.09,121.46
5,121.46,151.82
6,151.82,182.19
7,182.19,212.55
8,212.55,242.92
9,242.92,273.28
10,273.28,303.64
11,303.64,334.01
12,334.01,364.37
13,364.37,394.74
14,394.74,425.1
15,425.1,455.47
16,455.47,485.83
17,485.83,516.2
18,516.2,546.56
19,546.56,576.92
20,576.92,607.29
21,607.29,637.65
22,637.65,668.02
23,668.02,698.38
24,698.38,728.75
25,728.75,759.11
26,759.11,789.48
27,789.48,819.84
28,819.84,850.2
29,850.2,880.57
30,880.57,910.93
31,910.93,941.3
32,941.3,971.66
33,971.66,1002.03
34,1002.03,1032.39
35,1032.39,1062.76
36,1062.76,1093.12
37,1093.12,1123.48
38,1123.48,1153.85
39,1153.85,1184.21
40,1184.21,1214.58
41,1214.58,1244.94
42,1244.94,1275.31
43,1275.31,1305.67
44,1305.67,1336.04
45,1336.04,1366.4
46,1366.4,1396.76
47,1396.76,1427.13
48,1427.13,1457.49
49,1457.49,1487.86
50,1487.86,1518.22
51,1518.22,1548.59
52,1548.59,1578.95
53,1578.95,1609.32
54,1609.32,1639.68
55,1639.68,1670.04
56,1670.04,1700.41
57,1700.41,1730.77
58,1730.77,1761.14
59,1761.14,1791.5
60,1791.5,1821.87
61,1821.87,1852.23
62,1852.23,1882.6
63,1882.6,1912.96
64,1912.96,1943.32
65,1943.32,1973.69
66,1973.69,2004.05
67,2004.05,2034.42
68,2034.42,2064.78
69,2064.78,2095.15
70,2095.15,2125.51
71,2125.51,2155.88
72,2155.88,2186.24
73,2186.24,2216.61
74,2216.61,2246.97
75,2246.97,2277.33
76,2277.33,2307.7
77,2307.7,2338.06
78,2338.06,2368.43
79,2368.43,2398.79
80,2398.79,2429.16
81,2429.16,2459.52
82,2459.52,2489.89
83,2489.89,2520.25
84,2520.25,2550.61
85,2550.61,2580.98
86,2580.98,2611.34
87,2611.34,2641.71
88,2641.71,2672.07
89,2672.07,2702.44
90,2702.44,2732.8
91,2732.8,2763.17
92,2763.17,2793.53
93,2793.53,2823.89
94,2823.89,2854.26
95,2854.26,2884.62
96,2884.62,2914.99
97,2914.99,2945.35
98,2945.35,2975.72
99,2975.72,3006.08
100,3006.08,3036.45
101,3036.45,3066.81
102,3066.81,3097.17
103,3097.17,3127.54
104,3127.54,3157.9
105,3157.9,3188.27
106,3188.27,3218.63
107,3218.63,3249.0
108,3249.0,3279.36
109,3279.36,3309.73
110,3309.73,3340.09
111,3340.09,3370.45
112,3370.45,3400.82
113,3400.82,3431.18
114,3431.18,3461.55
115,3461.55,3491.91
116,3491.91,3522.28
117,3522.28,3552.64
118,3552.64,3583.01
119,3583.01,3613.37
120,3613.37,3643.73
121,3643.73,3674.1
122,3674.1,3704.46
123,3704.46,3734.83
124,3734.83,3765.19
125,3765.19,3795.56
126,3795.56,3825.92
127,3825.92,3856.29
128,3856.29,3886.65
129,3886.65,3917.01
130,3917.01,3947.38
131,3947.38,3977.74
132,3977.74,4008.11
133,4008.11,4038.47
134,4038.47,4068.84
135,4068.84,4099.2
136,4099.2,4129.57
137,4129.57,4159.93
138,4159.93,4190.29
139,4190.29,4220.66
140,4220.66,4251.02
141,4251.02,4281.39
142,4281.39,4311.75
143,4311.75,4342.12
144,4342.12,4372.48
145,4372.48,4402.85
146,4402.85,4433.21
147,4433.21,4463.57
148,4463.57,4493.94
149,4493.94,4524.3
150,4524.3,4554.67
151,4554.67,4585.03
152,4585.03,4615.4
153,4615.4,4645.76
154,4645.76,4676.13
155,4676.13,4706.49
156,4706.49,4736.85
157,4736.85,4767.22
158,4767.22,4797.58
159,4797.58,4827.95
160,4827.95,4858.31
161,4858.31,4888.68
162,4888.68,4919.04
163,4919.04,4949.41
164,4949.41,4979.77
165,4979.77,5010.13
166,5010.13,5040.5
167,5040.5,5070.86
168,5070.86,5101.23
169,5101.23,5131.59
170,5131.59,5161.96
171,5161.96,5192.32
172,5192.32,5222.69
173,5222.69,5253.05
174,5253.05,5283.41
175,5283.41,5313.78
176,5313.78,5344.14
177,5344.14,5374.51
178,5374.51,5404.87
179,5404.87,5435.24
180,5435.24,5465.6
181,5465.6,5495.97
182,5495.97,5526.33
183,5526.33,5556.69
184,5556.69,5587.06
185,5587.06,5617.42
186,5617.42,5647.79
187,5647.79,5678.15
188,5678.15,5708.52
189,5708.52,5738.88
190,5738.88,5769.25
191,5769.25,5799.61
192,5799.61,5829.97
193,5829.97,5860.34
194,5860.34,5890.7
195,5890.7,5921.07
196,5921.07,5951.43
197,5951.43,5981.8
198,5981.8,6012.16
199,6012.16,6042.53
200,6042.53,6072.89
201,6072.89,6103.25
202,6103.25,6133.62
203,6133.62,6163.98
204,6163.98,6194.35
205,6194.35,6224.71
206,6224.71,6255.08
207,6255.08,6285.44
208,6285.44,6315.81
209,6315.81,6346.17
210,6346.17,6376.54
211,6376.54,6406.9
212,6406.9,6437.26
213,6437.26,6467.63
214,6467.63,6497.99
215,6497.99,6528.36
216,6528.36,6558.72
217,6558.72,6589.09
218,6589.09,6619.45
219,6619.45,6649.82
220,6649.82,6680.18
221,6680.18,6710.54
222,6710.54,6740.91
223,6740.91,6771.27
224,6771.27,6801.64
225,6801.64,6832.0
226,6832.0,6862.37
227,6862.37,6892.73
228,6892.73,6923.1
229,6923.1,6953.46
230,6953.46,6983.82
231,6983.82,7014.19
232,7014.19,7044.55
233,7044.55,7074.92
234,7074.92,7105.28
235,7105.28,7135.65
236,7135.65,7166.01
237,7166.01,7196.38
238,7196.38,7226.74
239,7226.74,7257.1
240,7257.1,7287.47
241,7287.47,7317.83
242,7317.83,7348.2
243,7348.2,7378.56
244,7378.56,7408.93
245,7408.93,7439.29
246,7439.29,7469.66
247,7469.66,7500.02
248,7500.02,7530.38
249,7530.38,7560.75
250,7560.75,7591.11
251,7591.11,7621.48
252,7621.48,7651.84
253,7651.84,7682.21
254,7682.21,7712.57
255,7712.57,7742.94
256,7742.94,7773.3
257,7773.3,7803.66
258,7803.66,7834.03
259,7834.03,7864.39
260,7864.39,7894.76
261,7894.76,7925.12
262,7925.12,7955.49
263,7955.49,7985.85
264,7985.85,8016.22
265,8016.22,8046.58
266,8046.58,8076.94
267,8076.94,8107.31
268,8107.31,8137.67
269,8137.67,8168.04
270,8168.04,8198.4
271,8198.4,8228.77
272,8228.77,8259.13
273,8259.13,8289.5
274,8289.5,8319.86
275,8319.86,8350.22
276,8350.22,8380.59
277,8380.59,8410.95
278,8410.95,8441.32
279,8441.32,8471.68
280,8471.68,8502.05
281,8502.05,8532.41
282,8532.41,8562.78
283,8562.78,8593.14
284,8593.14,8623.5
285,8623.5,8653.87
286,8653.87,8684.23
287,8684.23,8714.6
288,8714.6,8744.96
289,8744.96,8775.33
290,8775.33,8805.69
291,8805.69,8836.06
292,8836.06,8866.42
293,8866.42,8896.78
294,8896.78,8927.15
295,8927.15,8957.51
296,8957.51,8987.88
297,8987.88,9018.24
298,9018.24,9048.61
299,9048.61,9078.97
300,9078.97,9109.34
301,9109.34,9139.7
302,9139.7,9170.06
303,9170.06,9200.43
304,9200.43,9230.79
305,9230.79,9261.16
306,9261.16,9291.52
307,9291.52,9321.89
308,9321.89,9352.25
309,9352.25,9382.62
310,9382.62,9412.98
311,9412.98,9443.34
312,9443.34,9473.71
313,9473.71,9504.07
314,9504.07,9534.44
315,9534.44,9564.8
316,9564.8,9595.17
317,9595.17,9625.53
318,9625.53,9655.9
319,9655.9,9686.26
320,9686.26,9716.62
321,9716.62,9746.99
322,9746.99,9777.35
323,9777.35,9807.72
324,9807.72,9838.08
325,9838.08,9868.45
326,9868.45,9898.81
327,9898.81,9929.18
328,9929.18,9959.54
329,9959.54,9989.9
330,9989.9,10020.27
331,10020.27,10050.63
332,10050.63,10081.0
333,10081.0,10111.36
334,10111.36,10141.73
335,10141.73,10172.09
336,10172.09,10202.46
337,10202.46,10232.82
338,10232.82,10263.18
339,10263.18,10293.55
340,10293.55,10323.91
341,10323.91,10354.28
342,10354.28,10384.64
343,10384.64,10415.01
344,10415.01,10445.37
345,10445.37,10475.74
346,10475.74,10506.1
347,10506.1,10536.47
348,10536.47,10566.83
349,10566.83,10597.19
350,10597.19,10627.56
351,10627.56,10657.92
352,10657.92,10688.29
353,10688.29,10718.65
354,10718.65,10749.02
355,10749.02,10779.38
356,10779.38,10809.75
357,10809.75,10840.11
358,10840.11,10870.47
359,10870.47,10900.84
360,10900.84,10931.2
361,10931.2,10961.57
362,10961.57,10991.93
363,10991.93,11022.3
364,11022.3,11052.66
365,11052.66,11083.03
366,11083.03,11113.39
367,11113.39,11143.75
368,11143.75,11174.12
369,11174.12,11204.48
370,11204.48,11234.85
371,11234.85,11265.21
372,11265.21,11295.58
373,11295.58,11325.94
374,11325.94,11356.31
375,11356.31,11386.67
376,11386.67,11417.03
377,11417.03,11447.4
378,11447.4,11477.76
379,11477.76,11508.13
380,11508.13,11538.49
381,11538.49,11568.86
382,11568.86,11599.22
383,11599.22,11629.59
384,11629.59,11659.95
385,11659.95,11690.31
386,11690.31,11720.68
387,11720.68,11751.04
388,11751.04,11781.41
389,11781.41,11811.77
390,11811.77,11842.14
391,11842.14,11872.5
392,11872.5,11902.87
393,11902.87,11933.23
394,11933.23,11963.59
395,11963.59,11993.96
396,11993.96,12024.32
397,12024.32,12054.69
398,12054.69,12085.05
399,12085.05,12115.42
400,12115.42,12145.78
401,12145.78,12176.15
402,12176.15,12206.51
403,12206.51,12236.87
404,12236.87,12267.24
405,12267.24,12297.6
406,12297.6,12327.97
407,12327.97,12358.33
408,12358.33,12388.7
409,12388.7,12419.06
410,12419.06,12449.43
411,12449.43,12479.79
412,12479.79,12510.15
413,12510.15,12540.52
414,12540.52,12570.88
415,12570.88,12601.25
416,12601.25,12631.61
417,12631.61,12661.98
418,12661.98,12692.34
419,12692.34,12722.71
420,12722.71,12753.07
421,12753.07,12783.43
422,12783.43,12813.8
423,12813.8,12844.16
424,12844.16,12874.53
425,12874.53,12904.89
426,12904.89,12935.26
427,12935.26,12965.62
428,12965.62,12995.99
429,12995.99,13026.35
430,13026.35,13056.71
431,13056.71,13087.08
432,13087.08,13117.44
433,13117.44,13147.81
434,13147.81,13178.17
435,13178.17,13208.54
436,13208.54,13238.9
437,13238.9,13269.27
438,13269.27,13299.63
439,13299.63,13329.99
440,13329.99,13360.36
441,13360.36,13390.72
442,13390.72,13421.09
443,13421.09,13451.45
444,13451.45,13481.82
445,13481.82,13512.18
446,13512.18,13542.55
447,13542.55,13572.91
448,13572.91,13603.27
449,13603.27,13633.64
450,13633.64,13664.0
451,13664.0,13694.37
452,13694.37,13724.73
453,13724.73,13755.1
454,13755.1,13785.46
455,13785.46,13815.83
456,13815.83,13846.19
457,13846.19,13876.55
458,13876.55,13906.92
459,13906.92,13937.28
460,13937.28,13967.65
461,13967.65,13998.01
462,13998.01,14028.38
463,14028.38,14058.74
464,14058.74,14089.11
465,14089.11,14119.47
466,14119.47,14149.83
467,14149.83,14180.2
468,14180.2,14210.56
469,14210.56,14240.93
470,14240.93,14271.29
471,14271.29,14301.66
472,14301.66,14332.02
473,14332.02,14362.39
474,14362.39,14392.75
475,14392.75,14423.12
476,14423.12,14453.48
477,14453.48,14483.84
478,14483.84,14514.21
479,14514.21,14544.57
480,14544.57,14574.94
481,14574.94,14605.3
482,14605.3,14635.67
483,14635.67,14666.03
484,14666.03,14696.4
485,14696.4,14726.76
486,14726.76,14757.12
487,14757.12,14787.49
488,14787.49,14817.85
489,14817.85,14848.22
490,14848.22,14878.58
491,14878.58,14908.95
492,14908.95,14939.31
493,14939.31,14969.68
494,14969.68,15000.04
495,15000.04,15030.4
496,15030.4,15060.77
497,15060.77,15091.13
498,15091.13,15121.5
499,15121.5,15151.86
500,15151.86,15182.23
501,15182.23,15212.59
502,15212.59,15242.96
503,15242.96,15273.32
504,15273.32,15303.68
505,15303.68,15334.05
506,15334.05,15364.41
507,15364.41,15394.78
508,15394.78,15425.14
509,15425.14,15455.51
510,15455.51,15485.87
511,15485.87,15516.24
512,15516.24,15546.6
513,15546.6,15576.96
514,15576.96,15607.33
515,15607.33,15637.69
516,15637.69,15668.06
517,15668.06,15698.42
518,15698.42,15728.79
519,15728.79,15759.15
520,15759.15,15789.52
521,15789.52,15819.88
522,15819.88,15850.24
523,15850.24,15880.61
524,15880.61,15910.97
525,15910.97,15941.34
526,15941.34,15971.7
527,15971.7,16002.07
528,16002.07,16032.43
529,16032.43,16062.8
530,16062.8,16093.16
531,16093.16,16123.52
532,16123.52,16153.89
533,16153.89,16184.25
534,16184.25,16214.62
535,16214.62,16244.98
536,16244.98,16275.35
537,16275.35,16305.71
538,16305.71,16336.08
539,16336.08,16366.44
540,16366.44,16396.8
541,16396.8,16427.17
542,16427.17,16457.53
543,16457.53,16487.9
544,16487.9,16518.26
545,16518.26,16548.63
546,16548.63,16578.99
547,16578.99,16609.36
548,16609.36,16639.72
549,16639.72,16670.08
550,16670.08,16700.45
551,16700.45,16730.81
552,16730.81,16761.18
553,16761.18,16791.54
554,16791.54,16821.91
555,16821.91,16852.27
556,16852.27,16882.64
557,16882.64,16913.0
558,16913.0,16943.36
559,16943.36,16973.73
560,16973.73,17004.09
561,17004.09,17034.46
562,17034.46,17064.82
563,17064.82,17095.19
564,17095.19,17125.55
565,17125.55,17155.92
566,17155.92,17186.28
567,17186.28,17216.64
568,17216.64,17247.01
569,17247.01,17277.37
570,17277.37,17307.74
571,17307.74,17338.1
572,17338.1,17368.47
573,17368.47,17398.83
574,17398.83,17429.2
575,17429.2,17459.56
576,17459.56,17489.92
577,17489.92,17520.29
578,17520.29,17550.65
579,17550.65,17581.02
580,17581.02,17611.38
581,17611.38,17641.75
582,17641.75,17672.11
583,17672.11,17702.48
584,17702.48,17732.84
585,17732.84,17763.2
586,17763.2,17793.57
587,17793.57,17823.93
588,17823.93,17854.3
589,17854.3,17884.66
590,17884.66,17915.03
591,17915.03,17945.39
592,17945.39,17975.76
593,17975.76,18006.12
594,18006.12,18036.48
595,18036.48,18066.85
596,18066.85,18097.21
597,18097.21,18127.58
598,18127.58,18157.94
599,18157.94,18188.31
600,18188.31,18218.67
601,18218.67,18249.04
602,18249.04,18279.4
603,18279.4,18309.76
604,18309.76,18340.13
605,18340.13,18370.49
606,18370.49,18400.86
607,18400.86,18431.22
608,18431.22,18461.59
609,18461.59,18491.95
610,18491.95,18522.32
611,18522.32,18552.68
612,18552.68,18583.05
613,18583.05,18613.41
614,18613.41,18643.77
615,18643.77,18674.14
616,18674.14,18704.5
617,18704.5,18734.87
618,18734.87,18765.23
619,18765.23,18795.6
620,18795.6,18825.96
621,18825.96,18856.33
622,18856.33,18886.69
623,18886.69,18917.05
624,18917.05,18947.42
625,18947.42,18977.78
626,18977.78,19008.15
627,19008.15,19038.51
628,19038.51,19068.88
629,19068.88,19099.24
630,19099.24,19129.61
631,19129.61,19159.97
632,19159.97,19190.33
633,19190.33,19220.7
634,19220.7,19251.06
635,19251.06,19281.43
636,19281.43,19311.79
637,19311.79,19342.16
638,19342.16,19372.52
639,19372.52,19402.89
640,19402.89,19433.25
641,19433.25,19463.61
642,19463.61,19493.98
643,19493.98,19524.34
644,19524.34,19554.71
645,19554.71,19585.07
646,19585.07,19615.44
647,19615.44,19645.8
648,19645.8,19676.17
649,19676.17,19706.53
650,19706.53,19736.89
651,19736.89,19767.26
652,19767.26,19797.62
653,19797.62,19827.99
654,19827.99,19858.35
655,19858.35,19888.72
656,19888.72,19919.08
657,19919.08,19949.45
658,19949.45,19979.81
659,19979.81,20010.17
660,20010.17,20040.54
661,20040.54,20070.9
662,20070.9,20101.27
663,20101.27,20131.63
664,20131.63,20162.0
665,20162.0,20192.36
666,20192.36,20222.73
667,20222.73,20253.09
668,20253.09,20283.45
669,20283.45,20313.82
670,20313.82,20344.18
671,20344.18,20374.55
672,20374.55,20404.91
673,20404.91,20435.28
674,20435.28,20465.64
675,20465.64,20496.01
676,20496.01,20526.37
677,20526.37,20556.73
678,20556.73,20587.1
679,20587.1,20617.46
680,20617.46,20647.83
681,20647.83,20678.19
682,20678.19,20708.56
683,20708.56,20738.92
684,20738.92,20769.29
685,20769.29,20799.65
686,20799.65,20830.01
687,20830.01,20860.38
688,20860.38,20890.74
689,20890.74,20921.11
690,20921.11,20951.47
691,20951.47,20981.84
692,20981.84,21012.2
693,21012.2,21042.57
694,21042.57,21072.93
695,21072.93,21103.29
696,21103.29,21133.66
697,21133.66,21164.02
698,21164.02,21194.39
699,21194.39,21224.75
700,21224.75,21255.12
701,21255.12,21285.48
702,21285.48,21315.85
703,21315.85,21346.21
704,21346.21,21376.57
705,21376.57,21406.94
706,21406.94,21437.3
707,21437.3,21467.67
708,21467.67,21498.03
709,21498.03,21528.4
710,21528.4,21558.76
711,21558.76,21589.13
712,21589.13,21619.49
713,21619.49,21649.85
714,21649.85,21680.22
715,21680.22,21710.58
716,21710.58,21740.95
717,21740.95,21771.31
718,21771.31,21801.68
719,21801.68,21832.04
720,21832.04,21862.41
721,21862.41,21892.77
722,21892.77,21923.13
723,21923.13,21953.5
724,21953.5,21983.86
725,21983.86,22014.23
726,22014.23,22044.59
727,22044.59,22074.96
728,22074.96,22105.32
729,22105.32,22135.69
730,22135.69,22166.05
731,22166.05,22196.41
732,22196.41,22226.78
733,22226.78,22257.14
734,22257.14,22287.51
735,22287.51,22317.87
736,22317.87,22348.24
737,22348.24,22378.6
738,22378.6,22408.97
739,22408.97,22439.33
740,22439.33,22469.69
741,22469.69,22500.06
742,22500.06,22530.42
743,22530.42,22560.79
744,22560.79,22591.15
745,22591.15,22621.52
746,22621.52,22651.88
747,22651.88,22682.25
748,22682.25,22712.61
749,22712.61,22742.98
750,22742.98,22773.34
751,22773.34,22803.7
752,22803.7,22834.07
753,22834.07,22864.43
754,22864.43,22894.8
755,22894.8,22925.16
756,22925.16,22955.53
757,22955.53,22985.89
